is_no,pi,Latitude,Longitude
IS10060,PI563334,14.10000038,-1.629999995
IS10105,PI563338,13.06000042,-3.059999943
IS10139,PI563343,13.57999992,-2.420000076
IS10162,PI563348,12.46000004,-3.460000038
IS10168,PI563350,11.65999985,-1.059999943
IS10186,PI563359,10.32999992,-3.180000067
IS10192,PI563364,13.32999992,0.400000006
IS10195,PI563366,11.14000034,-3.059999943
IS10278,PI563377,15.34000015,32.31000137
IS10279,PI563378,15.34000015,32.31000137
IS11010,PI329252,9.020000458,38.74000168
IS11014,PI329256,15.31999969,38.91999817
IS11043,PI329285,9.579999924,41.86000061
IS11044,PI329286,9.579999924,41.86000061
IS11057,PI329299,14.39999962,39.38000107
IS11058,PI329300,14.39999962,39.38000107
IS11059,PI329301,14.39999962,39.38000107
IS11068,PI329310,9.300000191,42.13000107
IS11069,PI329311,7.130000114,42.86000061
IS11070,PI329312,7.130000114,42.86000061
IS11074,PI329316,8.979999542,37.84999847
IS11076,PI329318,11.25,39.56000137
IS11077,PI329319,9.180000305,38.33000183
IS11078,PI329320,9.180000305,38.33000183
IS11082,PI329325,9.130000114,37.04000092
IS11083,PI329326,9.130000114,37.04000092
IS11090,PI329333,9.130000114,37.04999924
IS11096,PI329338,10,39.88999939
IS11108,PI329351,10.30000019,39.97999954
IS11151,PI329394,11.18000031,40.00999832
IS11160,PI329403,11.13000011,39.63000107
IS11199,PI329442,15.31999969,38.91999817
IS11222,PI329465,9.399999619,38.84000015
IS11223,PI329466,9.399999619,38.84000015
IS11227,PI329470,8.6,39.1166667
IS11228,PI329471,8.6,39.1166667
IS11230,PI329473,7.349999905,38.66999817
IS11231,PI329475,7.849999905,36.08000183
IS11232,PI329476,6.75,38.40999985
IS11233,PI329477,6.75,38.40999985
IS11234,PI329478,7.849999905,36.08000183
IS11236,PI329480,7.199999809,38.59999847
IS11257,PI329501,7.949999809,39.13000107
IS11258,PI329504,7.949999809,39.13000107
IS11260,PI329506,7.949999809,39.13000107
IS11264,PI329510,8.539999962,39.27000046
IS11265,PI329511,8.539999962,39.27000046
IS11269,PI329517,8.739999771,38.97999954
IS11270,PI329518,8.109999657,38.36999893
IS11271,PI329519,8.109999657,38.36999893
IS11292,PI329540,8.529999733,37.97999954
IS11293,PI329541,8.529999733,37.97999954
IS11297,PI329545,8.270000458,37.77000046
IS11298,PI329546,8.270000458,37.77000046
IS11301,PI329550,7.670000076,36.84000015
IS11302,PI329551,7.670000076,36.84000015
IS11305,PI329554,7.670000076,36.84000015
IS11307,PI329556,7.340000153,37.34000015
IS11320,PI329569,8.949999809,38.70999908
IS11321,PI329570,7.849999905,36.65000153
IS11323,PI329572,7.849999905,36.65000153
IS11334,PI329583,7.960000038,37.43000031
IS11335,PI329584,7.960000038,37.43000031
IS11336,PI329585,7.960000038,37.43000031
IS11350,PI329605,8.970000267,37.84999847
IS11351,PI329606,8.970000267,37.84999847
IS11359,PI329614,9.909999847,38.31000137
IS11360,PI329615,9.909999847,38.31000137
IS11362,PI329617,9,37.31000137
IS11363,PI329618,9,37.31000137
IS11377,PI329632,9.079999924,36.54999924
IS11389,PI329644,8.930000305,36.58000183
IS11390,PI329645,9.56000042,37.09999847
IS11391,PI329646,9.56000042,37.09999847
IS11407,PI329665,9.029999733,38.40000153
IS11414,PI329673,9.029999733,38.40000153
IS11435,PI329699,6.960000038,35.75999832
IS11436,PI329700,8.239999771,34.58000183
IS11438,PI329702,9.670000076,39.52999878
IS11440,PI329704,9.670000076,39.52999878
IS11446,PI329710,9.840000153,39.75999832
IS11447,PI329711,9.840000153,39.75999832
IS11548,PI329813,14.13000011,38.70999908
IS11549,PI329814,14.13000011,38.70999908
IS11572,PI329841,12.22999954,37.29000092
IS11574,PI329843,11.55000019,37.36000061
IS11579,PI329848,10.15999985,38.13000107
IS11580,PI329849,10.15999985,38.13000107
IS11593,PI329864,9.300000191,38.75
IS11594,PI329865,9.300000191,38.75
IS11642,PI329920,9.210000038,41.09000015
IS11887,PI330167,11.82999992,39.68000031
IS11888,PI330168,11.82999992,39.68000031
IS11889,PI330169,11.82999992,39.68000031
IS11890,PI330170,11.82999992,39.68000031
IS11901,PI330181,12.15999985,39.63000107
IS11902,PI330182,12.15999985,39.63000107
IS11904,PI330184,12.40999985,39.54999924
IS11905,PI330185,12.40999985,39.54999924
IS11912,PI330192,13.48999977,39.47000122
IS11913,PI330195,14.05000019,39.56000137
IS11914,PI330196,13.68000031,39.58000183
IS11917,PI330199,14.27999973,39.45999908
IS11988,PI330271,10,39.88999939
IS12080,PI330796,7.050000191,37.59999847
IS12082,PI330798,8.529999733,37.93000031
IS12087,PI330803,8.529999733,34.79999924
IS12088,PI330804,8.529999733,34.79999924
IS12091,PI330807,8.520000458,34.79000092
IS12112,PI330828,9.159999847,35.83000183
IS12117,PI330833,9.149999619,36.40000153
IS12118,PI330834,9.149999619,36.40000153
IS12119,PI330835,9.159999847,35.83000183
IS12122,PI330838,9.56000042,37.54999924
IS12131,PI330847,9.56000042,37.54999924
IS12135,PI330851,9.359999657,37.11000061
IS12141,PI330857,9.359999657,37.11000061
IS12142,PI330858,8.329999924,41.59000015
IS12151,PI330867,8.329999924,41.59000015
IS12246,PI337674,9.380000114,41.45999908
IS12248,PI337676,5.210000038,39.83000183
IS12250,PI337678,9.079999924,40.86000061
IS12252,PI337680,9.899999619,38.58000183
IS12256,PI337684,8.850000381,35.63999939
IS12257,PI337685,9.899999619,38.58000183
IS12260,PI337688,5.210000038,39.83000183
IS12261,PI337689,9.039999962,40.90000153
IS12336,PI563482,14.56999969,-16.37999916
IS12339,PI563483,14.21000004,-16.54999924
IS12357,PI563484,14.56000042,-15.02999973
IS12367,PI563485,15.28999996,-16.20999908
IS12368,PI563486,15.28999996,-16.20999908
IS12374,PI563487,12.10999966,-6.909999847
IS12380,PI563515,13.48999977,-7.28000021
IS12381,PI563516,13.48999977,-7.28000021
IS12411,PI563489,8.5,4.550000191
IS12412,PI563490,8.5,4.550000191
IS12413,PI563491,8.5,4.550000191
IS12420,PI563492,10.02999973,6.110000134
IS12454,PI563497,11.25,30.01000023
IS12472,PI563513,12.89999962,23.46999931
IS12562,PI151198,11.36999989,39.79999924
IS12597,PI155541,-12.27999973,32.5
IS12676,PI285039,11.06000042,7.699999809
IS12678,PI285042,11.06000042,7.699999809
IS14446,PI571370,14.03999996,35.22000122
IS14461,PI570917,13.53999996,35.13000107
IS14462,PI570918,13.53999996,35.13000107
IS14476,PI571376,8.409999847,32.06000137
IS14567,PI569012,13.82999992,35.43000031
IS20043,PI514456,13.38000011,-12.27999973
IS20074,PI514610,12.52999973,-12.31999969
IS20151,PI514617,13.07999992,-16.05999947
IS21519,PI521833,-11.71000004,33.63000107
IS22242,PI510907,-24.39999962,26.12000084
IS22244,PI510910,-24.72999954,25.84000015
IS22245,PI510911,-24.72999954,25.84000015
IS22258,PI510925,-24.37999916,26.14999962
IS22259,PI510926,-24.37999916,26.14999962
IS22263,PI510931,-24.37000084,23.14999962
IS22264,PI510932,-24.37000084,23.14999962
IS22288,PI510958,-22.93000031,27.57999992
IS22289,PI510959,-22.93000031,27.57999992
IS22295,PI510966,-22.46999931,26.81999969
IS22296,PI510967,-22.46999931,26.81999969
IS22297,PI510968,-22.43000031,26.40999985
IS22298,PI510969,-22.43000031,26.40999985
IS22308,PI510979,-23.06999969,26.90999985
IS22318,PI510990,-20.27000046,23.11000061
IS22319,PI510991,-20.27000046,23.11000061
IS22336,PI511008,-24.62999916,23.51000023
IS22337,PI511009,-24.62999916,23.51000023
IS22357,PI569803,14.39999962,33.52999878
IS22358,PI569804,14.39999962,33.52999878
IS22359,PI569805,14.03999996,35.36999893
IS22373,PI569819,15.46000004,36.38000107
IS22387,PI569833,13.51000023,35.75999832
IS22388,PI569834,13.60000038,35.74000168
IS22401,PI569847,15.46000004,36.38999939
IS22414,PI569860,11.77000046,34.34999847
IS22423,PI569869,11.27999973,34.11100006
IS22424,PI569870,11.27999973,34.11100006
IS22427,PI569873,11.76900005,34.34899902
IS22429,PI569875,10.71000004,33.47999954
IS22430,PI569876,10.71000004,33.47999954
IS22440,PI569886,10.55000019,34.27999878
IS2267,PI570501,4.239999771,32.33000183
IS22675,PI608862,12.39000034,-7.590000153
IS22676,PI608863,12.39000034,-7.590000153
IS22677,PI608864,12.39000034,-7.590000153
IS22678,PI608865,12.39000034,-7.590000153
IS2285,PI570512,14.23999977,33.29999924
IS22897,PI570119,11.36999989,26.02000046
IS22898,PI570120,12.57999992,29.52000046
IS22900,PI570122,10.27999973,34.13999939
IS22901,PI570123,10.27999973,34.13999939
IS22902,PI570124,10.27999973,34.13999939
IS22903,PI570125,14.25,31.10000038
IS22904,PI570126,14.25,31.10000038
IS22905,PI570127,9.180000305,31.37999916
IS22908,PI570130,12.11999989,27.44000053
IS22914,PI570136,12.19999981,29.13999939
IS22915,PI570137,12.19999981,29.13999939
IS22917,PI570139,12.19999981,29.13999939
IS22923,PI570145,12.02000046,29.38999939
IS22924,PI570146,12.02000046,29.38999939
IS22927,PI570149,3.869999886,31.62999916
IS22932,PI570154,11.23999977,29.07999992
IS22933,PI570155,11.23999977,29.07999992
IS22936,PI570157,8.550000191,27.38999939
IS22937,PI570158,11.10999966,29.37999916
IS22938,PI570159,11.10999966,29.37999916
IS22939,PI570160,12.07999992,23.54999924
IS22941,PI570162,12.43000031,31.48999977
IS22942,PI570163,12.43000031,31.48999977
IS22943,PI570164,14.31000042,32.56999969
IS22945,PI570166,11.03999996,29.34000015
IS22947,PI570168,12.43000031,31.48999977
IS22950,PI570171,11.05000019,30.29999924
IS22953,PI570174,14.21000004,33.24000168
IS22955,PI570176,14.5,33.31999969
IS22969,PI570189,8.180000305,30.05999947
IS22970,PI570190,8.180000305,30.05999947
IS22971,PI570191,8.180000305,30.05999947
IS22998,PI570218,14.30000019,22.56999969
IS22999,PI570219,14.30000019,22.56999969
IS23000,PI570220,14.30000019,22.56999969
IS23008,PI570228,11.5,31.03000069
IS23009,PI570229,11.5,31.03000069
IS23013,PI570233,11.5,30.39999962
IS23014,PI570234,11.5,30.39999962
IS23017,PI570237,12.07999992,30.46999931
IS23024,PI570244,13.06999969,30.36000061
IS23028,PI570248,14.11999989,26.28000069
IS23029,PI570249,14.11999989,26.28000069
IS23032,PI570252,14.31999969,33.41999817
IS23034,PI570254,8.279999733,26.29000092
IS23035,PI570255,11.10000038,24.37000084
IS23036,PI570256,11.10000038,24.37000084
IS2304,PI570539,9.409999847,34.06999969
IS23040,PI570260,18.09000015,26.37999916
IS23041,PI570261,18.09000015,26.37999916
IS23042,PI570262,18.09000015,26.37999916
IS23051,PI570271,12.53999996,32.5
IS23058,PI570278,12.30000019,24.17000008
IS23059,PI570279,12.30000019,24.17000008
IS23064,PI570284,19.14999962,30.26000023
IS23068,PI570288,10.47999954,25.09000015
IS23069,PI570289,10.47999954,25.09000015
IS23072,PI570292,11.27999973,24.20000076
IS23074,PI570294,15.28999996,32.45999908
IS23075,PI570295,15.28999996,32.45999908
IS23076,PI570296,13.14999962,22.21999931
IS2319,PI570570,9.539999962,32.06999969
IS2319,PI659693,9.539999962,32.06999969
IS24694,PI585379,10.35000038,37.72999954
IS24699,PI646200,11.31000042,7.329999924
IS24700,PI646201,11.31000042,7.329999924
IS24701,PI646202,9.800000191,8.489999771
IS24703,PI646203,9.800000191,8.489999771
IS24723,PI646205,11.75,8.880000114
IS24724,PI646206,11.75,8.880000114
IS24730,PI646207,11.75,8.880000114
IS24732,PI646208,11.75,8.880000114
IS24733,PI585394,11.75,8.880000114
IS24734,PI646209,11.39000034,9.260000229
IS24748,PI646210,11.2840004,10.55000019
IS24753,PI646211,10.68999958,8.949999809
IS24799,PI585405,10.27999973,13.18999958
IS24800,PI585406,10.27999973,13.18999958
IS24811,PI585411,10.60999966,12.22999954
IS24812,PI585412,10.60999966,12.22999954
IS24817,PI585413,10.38000011,12.80000019
IS24818,PI585414,10.38000011,12.80000019
IS24824,PI585415,10.35000038,10.84000015
IS24830,PI585416,10.26000023,10.34000015
IS24831,PI585417,10.26000023,10.34000015
IS24832,PI585418,10.26000023,10.34000015
IS24841,PI646212,10.81999969,10.32999992
IS24843,PI585423,10.81999969,10.32999992
IS24856,PI646213,10.05000019,9.06000042
IS24868,PI646214,9.920000076,8.890000343
IS24869,PI646215,9.920000076,8.890000343
IS24870,PI646216,9.920000076,8.890000343
IS24883,PI646217,10.32999992,5.380000114
IS25050,PI585448,9.399999619,-0.839999974
IS25051,PI585449,9.399999619,-0.839999974
IS25059,PI585452,10.77999973,-0.810000002
IS25060,PI585453,10.93000031,-0.479999989
IS25061,PI585454,10.52000046,-0.439999998
IS25066,PI585455,10.63000011,-0.180000007
IS25070,PI585456,10.63000011,-0.180000007
IS25074,PI585457,10.69999981,-0.209999993
IS25086,PI585461,11.06000042,-0.180000007
IS25108,PI585467,9.909999847,-0.209999993
IS25110,PI585468,9.909999847,-0.209999993
IS25111,PI585469,9.909999847,-0.209999993
IS25112,PI585470,9.909999847,-0.209999993
IS25113,PI585471,10.96000004,-1.100000024
IS25115,PI585472,10.96000004,-1.100000024
IS25456,PI585572,-4.130000114,29.79000092
IS25457,PI585573,-4.130000114,29.79000092
IS25466,PI585574,-4.130000114,29.79000092
IS25505,PI585576,-3.769999981,30.21999931
IS25514,PI585577,-3.099999905,29.38999939
IS25519,PI585578,-3.130000114,29.37000084
IS25520,PI585579,-3.25,29.42000008
IS25521,PI585580,-3.25,29.39999962
IS25522,PI585581,-3.339999914,29.39999962
IS25523,PI585582,-3.339999914,29.39999962
IS25524,PI585583,-3.49000001,29.34000015
IS25556,PI585590,-1.950000048,30.05999947
IS25561,PI585595,-1.5,29.62999916
IS25563,PI585596,-1.580000043,30.05999947
IS25568,PI585600,-1.75999999,30.14999962
IS25570,PI585602,-1.75999999,30.14999962
IS25575,PI585607,-1.929999948,30.05999947
IS25576,PI585608,-1.929999948,30.05999947
IS25577,PI585609,-2.160000086,30.54000092
IS25790,PI609918,13.43000031,-11.35999966
IS25791,PI609919,13.43000031,-11.35999966
IS25876,PI610034,12.51000023,-8.270000458
IS25919,PI609094,13.30000019,-6.210000038
IS26149,PI609200,13.71000004,-6.409999847
IS26401,PI585971,7.559999943,1.019999981
IS26413,PI585981,7.300000191,1.909999967
IS26416,PI585984,7.659999847,2.180000067
IS26418,PI585985,7.659999847,2.180000067
IS26421,PI585987,8.010000229,2.230000019
IS26423,PI585989,8.4333339,2.5833335
IS26425,PI585991,8.479999542,2.430000067
IS26426,PI585992,8.880000114,2.599999905
IS26439,PI586000,10.21000004,3.160000086
IS26459,PI586008,10.05000019,2.630000114
IS26620,PI586028,-13.75,25.75
IS26630,PI586032,-13,25.25
IS26632,PI586033,-13.17000008,24.75
IS26637,PI586034,-12.25,25.5
IS26640,PI586035,-10.17000008,28.75
IS26643,PI586036,-9.5,30.07999992
IS26647,PI586037,-12.18000031,26.39999962
IS26649,PI586038,-12.18000031,26.39999962
IS26651,PI586039,-12.18000031,26.39999962
IS26653,PI586040,-13.82999992,25.75
IS26656,PI586041,-13.75,25.5
IS26657,PI586042,-13.75,25.5
IS26682,PI586052,-15.72999954,34.40000153
IS26685,PI586054,-15.78999996,34.99000168
IS26849,PI570393,4.019999981,32.47000122
IS27044,PI646223,10.32999992,5.380000114
IS27297,PI586107,14.05000019,-0.720000029
IS27298,PI586108,14.05000019,-0.720000029
IS27299,PI586109,14.05000019,-0.720000029
IS27300,PI586110,14.02999973,-0.50999999
IS27301,PI586111,14.31000042,-0.730000019
IS27302,PI586112,14.35000038,-0.409999996
IS27303,PI586113,14.35000038,-0.409999996
IS27304,PI586114,14.18000031,-0.230000004
IS27305,PI586115,14.18000031,-0.230000004
IS27307,PI586117,14.02999973,0.029999999
IS27308,PI586118,13.43000031,0.529999971
IS27309,PI586119,13.43000031,0.649999976
IS27310,PI586120,13.43000031,0.649999976
IS27315,PI586123,14.02999973,0.029999999
IS27316,PI586124,14.02999973,0.029999999
IS27320,PI586128,12.82999992,-2.230000019
IS27329,PI586137,14.43000031,-0.75999999
IS27333,PI586141,13.76000023,-2.069999933
IS27334,PI586142,13.76000023,-2.069999933
IS27339,PI586147,13.57999992,-2.420000076
IS27340,PI586148,13.76000023,-2.069999933
IS27342,PI586150,14.01000023,-1.700000048
IS27343,PI586151,13.90999985,-1.629999995
IS27345,PI586153,13.59000015,-1.700000048
IS27346,PI586154,13.60999966,-1.799999952
IS27347,PI586155,13.57999992,-2.420000076
IS27349,PI586156,13.5,-1.909999967
IS27350,PI586157,13.44999981,-1.960000038
IS27351,PI586158,13.44999981,-1.960000038
IS27352,PI586159,13.27999973,-1.710000038
IS27353,PI586160,13.27999973,-1.710000038
IS27354,PI586161,13.31000042,-1.529999971
IS27356,PI586162,13.31000042,-1.529999971
IS27357,PI586163,11.07999992,-0.589999974
IS27358,PI586164,11.07999992,-0.589999974
IS27359,PI586165,12.57999992,-1.299999952
IS27360,PI586166,12.19999981,-0.600000024
IS27361,PI586167,11.69999981,-1.330000043
IS27362,PI586168,11.69999981,-1.330000043
IS27363,PI586169,11.69999981,-1.330000043
IS27366,PI586172,12.52999973,-0.5
IS27367,PI586173,12.52999973,-0.5
IS27368,PI586174,12.64999962,-0.569999993
IS27369,PI586175,12.64999962,-0.569999993
IS27370,PI586176,12.64999962,-0.569999993
IS27373,PI586178,12.52999973,-0.029999999
IS27374,PI586179,12.52999973,-0.029999999
IS27377,PI586181,12.47999954,1.519999981
IS27378,PI586182,12.47999954,1.519999981
IS27379,PI586183,12.43000031,1.580000043
IS27380,PI586184,12.06999969,1.779999971
IS27381,PI586185,12.06999969,1.779999971
IS27399,PI586201,11.75,-1.019999981
IS27403,PI586205,11.10000038,-0.980000019
IS27437,PI586239,13.22999954,-1.860000014
IS27458,PI586259,13.35999966,-2.700000048
IS27474,PI586272,13.22999954,-3.160000086
IS27562,PI586356,10.27999973,-3.25999999
IS27563,PI586357,10.27999973,-3.25999999
IS27565,PI586359,11.93000031,-1.460000038
IS27566,PI586360,11.93000031,-1.460000038
IS27567,PI586361,11.93000031,-1.460000038
IS27568,PI586362,11.93000031,-1.460000038
IS27569,PI586363,12.32999992,-2.160000086
IS27570,PI586364,12.32999992,-2.160000086
IS27572,PI586365,12,-2.210000038
IS27573,PI586366,12.69999981,-2.099999905
IS27574,PI586367,12.69999981,-2.099999905
IS27575,PI586368,11.64999962,-2.180000067
IS27576,PI586369,11.64999962,-2.180000067
IS27577,PI586370,12.10000038,-2.099999905
IS27578,PI586371,11.26000023,-2.099999905
IS27581,PI586374,11.19999981,-2.019999981
IS27591,PI586377,12.07999992,15.02999973
IS27592,PI586378,12.07999992,15.02999973
IS27604,PI586387,12.56999969,14.44999981
IS27605,PI586388,12.56999969,14.44999981
IS27611,PI586394,12.47999954,14.44999981
IS27620,PI586403,11.03999996,14.14000034
IS27667,PI586404,10.73999977,13.81000042
IS27668,PI586405,10.73999977,13.81000042
IS27856,PI586464,-25.20000076,31.20000076
IS27857,PI586465,-25.20000076,31.20000076
IS27860,PI586466,-29.60000038,30.37999916
IS27861,PI586467,-29.60000038,30.37999916
IS27867,PI586470,-28.56999969,31.05999947
IS27868,PI586471,-28.56999969,31.05999947
IS27869,PI586472,-28.38999939,29.95000076
IS27870,PI586473,-28.38999939,29.95000076
IS27873,PI586476,-23.31999969,30.70999908
IS27874,PI586477,-23.31999969,30.70999908
IS27877,PI586479,-22.85000038,30.79000092
IS27878,PI586480,-22.85000038,30.79000092
IS27879,PI586481,-22.73999977,30.89999962
IS27880,PI586482,-22.73999977,30.89999962
IS27881,PI586483,-22.73999977,30.89999962
IS27893,PI586493,-24.19000053,29.5
IS27899,PI586498,-23.78000069,29.09000015
IS27900,PI586499,-23.60000038,29.15999985
IS27901,PI586500,-23.60000038,29.15999985
IS27902,PI586501,-23.60000038,29.15999985
IS27906,PI586503,-26,29.76000023
IS27913,PI586510,-23.45999908,29.80999947
IS27914,PI586511,-23.45999908,29.80999947
IS29659,PI619639,-5.010000229,33.09000015
IS29660,PI619640,-5.340000153,30.39999962
IS29661,PI619641,-5.420000076,32.97999954
IS29662,PI619642,-5.070000172,32.38000107
IS29663,PI619643,-3.589999914,33.09000015
IS3033,PI267621,7.599999905,37.20999908
IS30896,PI646230,1.450000048,33.45000076
IS30898,PI646231,1.860000014,33.75
IS30902,PI619688,1.919999957,33.95000076
IS30903,PI619689,1.919999957,33.95000076
IS30908,PI646233,2.019999981,33.63000107
IS30910,PI619695,1.450000048,33.45000076
IS30911,PI619696,1.5,33.25
IS30912,PI619697,1.5,33.25
IS30913,PI646234,1.5,33.25
IS30914,PI619698,1.5,33.45000076
IS30918,PI619701,1.909999967,33.29999924
IS30919,PI619702,1.909999967,33.29999924
IS30923,PI646236,1.799999952,32.83000183
IS30931,PI619713,1.6923918,33.3161051
IS30934,PI619716,0.569999993,31.72999954
IS30937,PI619719,1.980000019,32.97999954
IS30938,PI619720,1.980000019,32.97999954
IS30939,PI619721,1.980000019,32.97999954
IS30951,PI619733,1.700000048,32.08000183
IS30952,PI646237,1.700000048,32.08000183
IS30953,PI619734,1.700000048,32.08000183
IS30954,PI619735,1.700000048,32.08000183
IS30958,PI646239,1.470000029,32.29999924
IS30961,PI646240,1.850000024,32.36000061
IS30969,PI646241,2.25,32.90000153
IS30975,PI646242,2.150000095,33.25
IS30979,PI646243,2.150000095,33.25
IS30982,PI620610,2.150000095,33.25
IS30992,PI620611,2.230000019,32.58000183
IS30997,PI619765,2.470000029,33.20000076
IS31006,PI646245,2.730000019,33.47999954
IS31009,PI646246,2.630000114,33.47999954
IS31010,PI619773,3,33.25
IS31028,PI646247,3.369999886,33.04999924
IS31030,PI646248,3.329999924,32.52999878
IS31033,PI646249,3.150000095,32.88000107
IS31047,PI619807,3.349999905,33.33000183
IS31048,PI646250,3.25,33.27000046
IS31054,PI619813,3.150000095,32.88000107
IS31057,PI619816,3.119999886,32.15000153
IS31059,PI646251,2.779999971,32.29999924
IS3106,PI213900,-1.169999957,36.47999954
IS31062,PI646252,2.779999971,32.29999924
IS31073,PI619829,2.099999905,32.16999817
IS31074,PI619830,2.099999905,32.16999817
IS31081,PI646254,2.619999886,31.93000031
IS31083,PI619838,2.619999886,31.93000031
IS31092,PI646255,2.480000019,31.07999992
IS31093,PI646256,2.480000019,31.07999992
IS31100,PI646259,2.410000086,30.97999954
IS31101,PI646260,2.410000086,30.97999954
IS31104,PI646261,2.519999981,30.92000008
IS31106,PI646262,2.519999981,30.92000008
IS31107,PI646263,2.5,30.79999924
IS31109,PI646264,2.5,30.79999924
IS31113,PI646266,3.019999981,30.92000008
IS31115,PI646267,3.019999981,30.92000008
IS31123,PI619860,3.160000086,30.92000008
IS31126,PI619863,2.569999933,31.21999931
IS31127,PI646271,3.049999952,31.03000069
IS31150,PI619879,2.299999952,31.20000076
IS31151,PI646279,2.299999952,31.20000076
IS31162,PI646280,2.25999999,32.88999939
IS31163,PI646281,2.25999999,32.88999939
IS31165,PI619890,2.25999999,32.88999939
IS31168,PI646283,1.049999952,34.02000046
IS31173,PI620615,1.149999976,34.20000076
IS31174,PI619896,1.149999976,34.20000076
IS31175,PI619897,1.049999952,34.29999924
IS31180,PI619901,0.839999974,34.16999817
IS31181,PI619902,0.839999974,34.16999817
IS31182,PI619903,0.730000019,34.09999847
IS31183,PI620617,0.730000019,34.09999847
IS31184,PI619904,1.299999952,34.15000153
IS31199,PI646289,1.169999957,34
IS31203,PI646290,0.589999974,33.09000015
IS31206,PI646291,1.029999971,34.06000137
IS31207,PI646292,0.07,33.54000092
IS31210,PI646293,1.049999952,33.75
IS31212,PI619920,0.469999999,33.45000076
IS31213,PI619921,0.300000012,33.54999924
IS31220,PI619928,0.319999993,33.97999954
IS31221,PI646294,0.319999993,33.97999954
IS31223,PI619930,0.300000012,33.34999847
IS31225,PI619932,0.300000012,33.34999847
IS31226,PI619933,0.560000002,33.29999924
IS31228,PI619935,0.349999994,33.5
IS31231,PI619938,1.350000024,33.40000153
IS31232,PI619939,1.350000024,33.40000153
IS31234,PI619941,1.399999976,33.5
IS31243,PI619950,1.350000024,33.5
IS31244,PI646295,1.580000043,33.90000153
IS31249,PI619955,1.480000019,33.93000031
IS31250,PI619956,1.480000019,33.93000031
IS31252,PI619958,1.200000048,33.54000092
IS31253,PI619959,1.200000048,33.54000092
IS31254,PI619960,1.200000048,33.54000092
IS31256,PI646296,1.220000029,33.40000153
IS31257,PI619962,1.220000029,33.40000153
IS31262,PI646297,-0.649999976,30.64999962
IS31267,PI619970,-0.600000024,30.64999962
IS31269,PI619972,-0.600000024,30.64999962
IS31275,PI619978,-0.449999988,30.39999962
IS31278,PI619981,-0.449999988,30.39999962
IS31279,PI619982,-0.419999987,30.27000046
IS31280,PI619983,-0.419999987,30.27000046
IS31283,PI619986,1.299999952,30.56999969
IS31284,PI619987,-1.279999971,29.68000031
IS31285,PI619988,-1.279999971,29.68000031
IS31286,PI619989,-1.279999971,29.68000031
IS31291,PI619994,-1.129999995,29.70000076
IS31305,PI620007,-0.850000024,30
IS31319,PI646303,-0.800000012,29.92000008
IS31323,PI620020,-0.800000012,29.92000008
IS31325,PI646304,-0.720000029,29.85000038
IS31328,PI620024,-0.600000024,29.79999924
IS31331,PI620026,-0.600000024,29.79999924
IS31359,PI646306,-0.140000001,30.05999947
IS31360,PI620050,-0.140000001,30.05999947
IS31364,PI646307,-0.109999999,30.07999992
IS31367,PI620055,0.310000002,30.15999985
IS31384,PI620072,-0.02,29.77000046
IS31396,PI620083,0.129999995,30.06999969
IS31399,PI620086,0.159999996,30.10000038
IS31403,PI620090,0.170000002,30.11000061
IS31405,PI620092,0.230000004,30.09000015
IS31407,PI620094,0.189999998,30.10000038
IS31410,PI620097,0.180000007,30.22999954
IS31417,PI620102,0.200000003,30.10000038
IS31420,PI620105,0.219999999,30.12000084
IS31421,PI620106,0.219999999,30.12000084
IS31425,PI620110,0.289999992,30.10000038
IS31426,PI620111,0.670000017,30.28000069
IS31427,PI620112,0.670000017,30.28000069
IS31434,PI620119,0.4561088,31.0348037
IS31435,PI620120,0.4561088,31.0348037
IS31436,PI620121,0.270000011,31.20000076
IS31437,PI620122,0.270000011,31.20000076
IS31444,PI620129,0.150000006,30.29999924
IS31455,PI646312,0.419999987,30.07999992
IS31456,PI620140,0.419999987,30.07999992
IS31462,PI646313,0.479999989,30.14999962
IS31468,PI620150,0.370000005,30.10000038
IS31474,PI620156,0.449999988,30.20000076
IS31475,PI620157,0.449999988,30.20000076
IS31484,PI646315,0.059999999,30.23999977
IS31492,PI620624,0.300000012,31.15999985
IS31495,PI620173,0.280000001,31.18000031
IS31496,PI646316,0.200000003,31.39999962
IS31497,PI646317,0.200000003,31.39999962
IS31500,PI646319,0.209999993,31.38999939
IS31501,PI646320,0.419999987,31.29999924
IS31507,PI620180,-0.980000019,31.40999985
IS31508,PI620181,-0.980000019,31.40999985
IS31511,PI646321,-0.419999987,31.29999924
IS31512,PI646322,-0.720000029,31.39999962
IS31515,PI646323,-0.720000029,31.39999962
IS31518,PI646324,-0.319999993,31.12000084
IS31521,PI646325,-0.319999993,31.12000084
IS32820,PI620367,-7.409999847,36.97000122
IS32821,PI620368,-6.96999979,36.90000153
IS32823,PI620369,-6.820000172,37.65999985
IS32824,PI620370,-6.150000095,36.86000061
IS32825,PI620371,-6.820000172,37.65999985
IS32826,PI620372,-6.269999981,36.86999893
IS32829,PI620373,-6.170000076,35.74000168
IS32831,PI620375,-6.28000021,36.75
IS32832,PI620376,-6.329999924,36.65999985
IS32833,PI620377,-6.329999924,36.65999985
IS32838,PI620382,-6.199999809,36.40999985
IS32839,PI620383,-6.199999809,36.40999985
IS32842,PI620385,-5.900000095,35.95000076
IS32843,PI620386,-5.900000095,35.95000076
IS32853,PI620396,-5.980000019,35.72999954
IS32862,PI620405,-4.900000095,35.77999878
IS32864,PI620406,-4.900000095,35.77999878
IS32868,PI620409,-4.900000095,35.77999878
IS32870,PI620411,-6.170000076,35.77999878
IS32873,PI620414,-3.359999895,36.66999817
IS32874,PI620415,-3.359999895,36.66999817
IS32875,PI620416,-4.21999979,35.54999924
IS32876,PI620417,-4.210000038,35.74000168
IS32877,PI620418,-4.210000038,35.75
IS32882,PI620423,-5.690000057,34.47999954
IS32883,PI620424,-5.690000057,34.47999954
IS32892,PI620430,-4.739999771,34.54000092
IS32893,PI620431,-4.739999771,34.54000092
IS32896,PI620434,-4.860000134,32.93000031
IS32897,PI620435,-4.860000134,32.93000031
IS32904,PI646387,-4.81799984,34.74000168
IS32911,PI620446,-5.090000153,34.95999908
IS32913,PI620447,-4.349999905,34.34999847
IS32914,PI620448,-4.349999905,34.34999847
IS32915,PI620449,-5.679999828,34.70999908
IS32919,PI620453,-4.260000229,34.36000061
IS32920,PI620454,-5.079999924,34.79000092
IS32927,PI620459,-6.409999847,35.00999832
IS32928,PI620460,-6.409999847,35.00999832
IS32929,PI620461,-4.989999771,34.72999954
IS32930,PI646388,-4.989999771,34.72999954
IS32932,PI620463,-4.900000095,34.72999954
IS32935,PI646389,-4.820000172,36.74000168
IS32936,PI620466,-4.820000172,36.86999893
IS32937,PI620467,-4.820000172,36.86999893
IS32939,PI620469,-5.710000038,34.54999924
IS32942,PI620472,-6.050000191,35.00999832
IS32943,PI620473,-6.050000191,35.00999832
IS32945,PI620475,-4.820000172,35.00999832
IS32949,PI620476,-4.820000172,35.00999832
IS32950,PI620477,-6.260000229,35.18999863
IS32951,PI620478,-6.260000229,35.18999863
IS32953,PI620479,-5.400000095,35.29999924
IS32955,PI620480,-6.03000021,36.31999969
IS32958,PI620483,-6.03000021,36.31000137
IS32959,PI620484,-6.03000021,36.31000137
IS32970,PI620493,-5.880000114,35.11000061
IS32971,PI620494,-5.880000114,35.11000061
IS32972,PI620495,-5.710000038,34.97999954
IS32973,PI620496,-5.710000038,34.97999954
IS32977,PI620500,-5.449999809,34.97999954
IS32978,PI620501,-5.449999809,34.97999954
IS32991,PI620514,-4.400000095,34.38999939
IS32992,PI620515,-4.260000229,34.74000168
IS32993,PI620516,-4.880000114,33.00999832
IS32994,PI620517,-4.880000114,33.00999832
IS32996,PI620519,-5.070000172,32.72999954
IS32997,PI620520,-4.889999866,33.11000061
IS32998,PI620521,-4.21999979,33.18000031
IS32999,PI620522,-3.730000019,33.31000137
IS33000,PI620523,-3.660000086,33.41999817
IS33001,PI620524,-3.660000086,33.41999817
IS33002,PI620525,-3.660000086,33.41999817
IS33004,PI620527,-3.660000086,33.49000168
IS33006,PI620529,-2.99000001,33.97999954
IS33012,PI620535,-2.579999924,33.34999847
IS33015,PI646390,-2.50999999,32.88999939
IS33016,PI620536,-2.50999999,32.88999939
IS33017,PI620537,-2.960000038,33.33000183
IS33018,PI620538,-2.960000038,33.33000183
IS33019,PI620539,-2.960000038,33.33000183
IS33024,PI620544,-4.230000019,33.45999908
IS33025,PI620545,-4.230000019,33.45999908
IS33027,PI620547,-4.28000021,33.86999893
IS33028,PI620548,-4.28000021,33.86999893
IS33037,PI646391,-1.700000048,34.27999878
IS33039,PI620557,-1.700000048,34.27999878
IS33042,PI646392,-4.889999866,38.45999908
IS33043,PI620560,-4.889999866,38.45999908
IS33047,PI620564,-5.78000021,34.88999939
IS33048,PI620565,-5.78000021,34.88999939
IS33050,PI620567,-6.170000076,35.72999954
IS33053,PI620570,-7.400000095,35.79000092
IS33055,PI620572,-6.840000153,36.99000168
IS33062,PI620578,-2.829999924,33.08000183
IS33063,PI620579,-2.710000038,33.00999832
IS3445,PI570498,7.269999981,28.68000031
IS3454,PI570504,8.420000076,25.59000015
IS3455,PI570505,8.420000076,25.59000015
IS3465,PI570518,6.550000191,30.5
IS3472,PI570524,13.03999996,30.20000076
IS3487,PI570549,19.13999939,32.40000153
IS3521,PI570576,9.539999962,32.06999969
IS3521,PI570571,9.539999962,32.06999969
IS3525,PI570575,6.550000191,30.5
IS3552,PI570588,4.239999771,32.33000183
IS3568,PI570603,12.34000015,28.70000076
IS3586,PI570511,13.5,23.5
IS3620,PI658758,11.03999996,7.420000076
IS39662,PI647018,11.77000046,8.430000305
IS39668,PI647019,11.25,8.399999619
IS39669,PI647020,11.25,8.399999619
IS39671,PI647021,11.25,8.399999619
IS39680,PI647022,9.829999924,8.850000381
IS39689,PI647023,10.18000031,8.859999657
IS39730,PI647024,12.22999954,8.229999542
IS39732,PI647025,12.55000019,7.829999924
IS39759,PI647026,12.77000046,6.789999962
IS39792,PI647027,11,8.829999924
IS39822,PI647028,12.80000019,8.25
IS39832,PI647029,13.44999981,5.659999847
IS40153,PI612776,15.06999969,-10.34000015
IS40154,PI612777,15.06999969,-10.34000015
IS6925,PI570604,14.27000046,32.16999817
IS6944,PI570494,8.369999886,33.02999878
IS6975,PI570550,15.03999996,33.09999847
IS6977,PI570554,16.39999962,33.25
IS6981,PI570546,14.23999977,33.15999985
IS7065,PI570528,19.31999969,30.25
IS7436,PI597953,12.51000023,7.730000019
IS7530,PI562989,11.85999966,9.010000229
IS7714,PI597954,10.35999966,5.349999905
IS7739,PI563009,11,7.849999905
IS8823,PI563151,-0.5375722,34.46859
IS8832,PI563153,-1.950000048,37.25
IS8834,PI563154,0.159999996,34.59999847
IS8843,PI563155,-0.090000004,34.75
IS8848,PI563156,0.280000001,34.70000076
IS8860,PI563157,0.379999995,34.18999863
IS8939,PI563163,-0.07,34.81000137
IS9122,PI563194,-0.5375722,34.46859
IS9128,PI563196,-0.090000004,34.75
IS9132,PI563198,-0.180000007,34.90999985
IS9133,PI563199,0.050000001,34.65000153
IS9135,PI563200,-0.5,34.70999908
IS9162,PI563207,0.050000001,34.65000153
IS9168,PI563208,-0.6054147,34.7451266
IS9174,PI563209,0.460000008,34.24000168
IS9199,PI563219,0.159999996,31.36000061
IS9524,PI563289,-25.8422202,28.1029145
IS9779,PI570584,4.539999962,29.27000046
IS9853,PI570503,13.35999966,34.31999969
IS9853,PI571246,13.35999966,34.31999969
IS9860,PI571253,13.5,23.5
IS9864,PI571256,9.579999924,33.43999863
IS9870,PI571261,3.880000114,31.67000008
IS9870,PI570523,3.880000114,31.67000008
IS9874,PI571262,19.32999992,30.25
IS9885,PI571273,6.480000019,29.42000008
IS9888,PI571275,14.22000027,30.42000008
IS9923,PI571299,14.18999958,33.33000183
IS9927,PI571302,15.13000011,35.38000107
IS10068,NA,10.6333,-4.76666
IS10189,NA,11.19999981,-4.300000191
IS10191,NA,12.01000023,-0.100000001
IS1033,NA,21.17000008,72.83000183
IS1036,NA,18.64999962,72.87000275
IS1052,NA,16.29999924,80.44999695
IS1106,NA,12.97000027,77.58000183
IS1107,NA,22.42000008,75.54000092
IS11424,NA,4.880000114,38.08000183
IS11431,NA,6.179999828,35.56000137
IS1151,NA,18.29000092,77.02999878
IS1182,NA,25.57999992,85.25
IS1186,NA,12.93000031,79.12999725
IS1187,NA,16.70999908,81.11000061
IS12031,NA,7.15,40.71667
IS12106,NA,7.480000019,45.15999985
IS1236,NA,10.60000038,78.41000366
IS1240,NA,12.14999962,77.11000061
IS1243,NA,9.170000076,77.86000061
IS1246,NA,9.800000191,78.11000061
IS1257,NA,9.319999695,78.34999847
IS12584,NA,-3.349999905,38.56000137
IS12590,NA,-1.909999967,40.13000107
IS12606,NA,12.4906,122.0628
IS12734,NA,43.86000061,126.5699997
IS12740,NA,39.92889,116.38833
IS12779,NA,36.2333,36.1166
IS12782,NA,38.06667,39.25
IS12789,NA,36.9125,30.689722
IS12793,NA,37.7202778,30.2908333
IS12796,NA,37.8444,27.9644444
IS12801,NA,38.4072222,27.1502778
IS12805,NA,41.676944,26.555833
IS12808,NA,39.79,26.3325
IS12810,NA,40.04000092,27.05999947
IS12811,NA,40.36000061,27.97999954
IS12813,NA,41.1822222,41.8194444
IS12815,NA,40.6080556,43.0975
IS12817,NA,38.4941667,43.38
IS12818,NA,37.3111111,40.7427778
IS12819,NA,37.0097222,37.7941667
IS12821,NA,37.6,36.9166
IS12822,NA,38.353333,38.311944
IS12953,NA,13.86,-89.80111
IS13148,NA,33.3386111,44.3938889
IS13155,NA,41.0333,30.6333
IS13263,NA,26.28000069,73.01999664
IS13512,NA,13.17,-59.529999
IS13515,NA,22.6833,45.2167
IS1360,NA,24.62999916,73.23000336
IS1371,NA,16.28000069,79.26000214
IS1401,NA,25.37999916,66.90000153
IS14133,NA,40.2447222,30.02
IS1416,NA,20.80999947,78.87999725
IS1425,NA,10.92000008,79.81999969
IS14444,NA,29.05000069,79.5167
IS14635,NA,9.010000229,40.24000168
IS1464,NA,16.97999954,77.72000122
IS1469,NA,15.72999954,79.27999878
IS1472,NA,10.96000004,78.08000183
IS14724,NA,5.289999962,37.34999847
IS1477,NA,11.46000004,77.44999695
IS1520,NA,14.89000034,79.98999786
IS1523,NA,13.18000031,79.62999725
IS1540,NA,11.26000023,78.51000214
IS17149,NA,5.570000172,8.079999924
IS17185,NA,11.52000046,13.68000031
IS17195,NA,8.079999924,3.910000086
IS17196,NA,7.360000134,9.050000191
IS17669,NA,18.29999924,80.55000305
IS17671,NA,17.82999992,80.19000244
IS17749,NA,15.44999981,77.66000366
IS17752,NA,15.48999977,80.04000092
IS17766,NA,14.14999962,79.84999847
IS17815,NA,17.62999916,80.91999817
IS17819,NA,17.52000046,82.19999695
IS17857,NA,18.06999969,82.66000366
IS17864,NA,18.86000061,84.47000122
IS17872,NA,20.75,86.30999756
IS17885,NA,18.77000046,83.88999939
IS17891,NA,17.25,81.63999939
IS17896,NA,18.25,83.5
IS17905,NA,19.15999985,83.41000366
IS17909,NA,17.32999992,76.83000183
IS17912,NA,20.06999969,83.08999634
IS17917,NA,26.37999916,72.48999786
IS17919,NA,26.92000008,71.90000153
IS17920,NA,26.90999985,70.91000366
IS17921,NA,25.34000015,72.61000061
IS17922,NA,25.29999924,73.12999725
IS17925,NA,27.5,73.5
IS17926,NA,27.06999969,75.68000031
IS17929,NA,23.20000076,73.55999756
IS17930,NA,23.20000076,76.55999756
IS17933,NA,25.95999908,75.15000153
IS17937,NA,26.65999985,73.70999908
IS17942,NA,25.76000023,73.33000183
IS17958,NA,19.71999931,77.13999939
IS18234,NA,23.3629599,89.9343761
IS18235,NA,23.7230568,90.4086151
IS18236,NA,23.15999985,89.20999908
IS18238,NA,25.0880864,90.0906372
IS18295,NA,14.03999996,5.570000172
IS18303,NA,13.38000011,4.019999981
IS18822,NA,13.47999954,32.25
IS19477,NA,4.090000153,30.68000031
IS19485,NA,5.230000019,30.13999939
IS19494,NA,8.529999733,29.10000038
IS19507,NA,5.349999905,27.27000046
IS19513,NA,4.849999905,31.61000061
IS19520,NA,7.340000153,27.53000069
IS19677,NA,19.19000053,81.93000031
IS19680,NA,18.39999962,81.66000366
IS19698,NA,19.70999908,81.23999786
IS19700,NA,22.59000015,80.55999756
IS19706,NA,23.05999947,82.58999634
IS19732,NA,21.72999954,80.44999695
IS19758,NA,22.72999954,78.34999847
IS19804,NA,24.96999931,81.65000153
IS19946,NA,15.48999977,-14.47999954
IS19950,NA,14.5,-13.67000008
IS19956,NA,16.17000008,-14.67000008
IS19962,NA,16.37999916,-15.57999992
IS19978,NA,13.67000008,-16.37999916
IS19982,NA,14.51000023,-13.02000046
IS19988,NA,15.15999985,-13.02999973
IS19991,NA,14.07999992,-15.88000011
IS19998,NA,14.13000011,-14.25
IS20004,NA,14.59000015,-14.39999962
IS20024,NA,14.07999992,-12.26000023
IS20027,NA,13.93000031,-13.43000031
IS20028,NA,14.8111833,-12.3589829
IS20049,NA,13.88000011,-12.85000038
IS20073,NA,12.57999992,-12.82999992
IS20087,NA,13.67000008,-13.86999989
IS20105,NA,13.07999992,-14.03999996
IS20116,NA,13.07999992,-13.44999981
IS20125,NA,12.82999992,-14.77999973
IS20146,NA,12.56000042,-15.64999962
IS20158,NA,13.43000031,10.42000008
IS20164,NA,13.88000011,13.18000031
IS20166,NA,13.52999973,11.71000004
IS20173,NA,13.94999981,11.31000042
IS20187,NA,13.35999966,12.65999985
IS20216,NA,13.02999973,8.859999657
IS20225,NA,13.94999981,10.25
IS20230,NA,13.88000011,9.100000381
IS20234,NA,12.89999962,9.329999924
IS20243,NA,13.18000031,9.909999847
IS20250,NA,14.72999954,7.460000038
IS20261,NA,14.30000019,6.760000229
IS20300,NA,14.38000011,9.029999733
IS20307,NA,14.30000019,2.059999943
IS20314,NA,13.93000031,7.179999828
IS20328,NA,13.90999985,6.179999828
IS20345,NA,14.67000008,4.349999905
IS20348,NA,13.85000038,4.849999905
IS20363,NA,14.76000023,6.309999943
IS20364,NA,15.85999966,5.349999905
IS20378,NA,14.44999981,5.210000038
IS20398,NA,13.40999985,2.960000038
IS20441,NA,12.72999954,2.829999924
IS20448,NA,14.47999954,3.660000086
IS20450,NA,14.27999973,2.549999952
IS20452,NA,15.18000031,3.50999999
IS20460,NA,14,3.180000067
IS20463,NA,14.02999973,4.210000038
IS20488,NA,13.85000038,1.450000048
IS20490,NA,13.35000038,2.460000038
IS20492,NA,14.42000008,1.549999952
IS20497,NA,13.35999966,1.899999976
IS20498,NA,14.56000042,0.709999979
IS20905,NA,8.9167,17.5667
IS21015,NA,-0.8447118,37.0618055
IS21055,NA,0.7477023,34.997074
IS21139,NA,-0.4333333,37.333334
IS21155,NA,-1.2333333,34.6499977
IS21160,NA,-0.9833333,38.4666672
IS21169,NA,-0.2500002,36.2999992
IS21186,NA,-4.0111627,39.6593765
IS21309,NA,-1.519999981,38.11000061
IS21310,NA,-0.579999983,38.04000092
IS21323,NA,-1.230000019,37.40000153
IS21328,NA,0.129999995,38.20999908
IS21343,NA,0.119999997,37.47999954
IS21347,NA,-2.950000048,37.56000137
IS21403,NA,-14.18000031,33.59000015
IS21464,NA,-17.03000069,35.27999878
IS21521,NA,-15.38000011,35.27999878
IS21522,NA,-14.97999954,34.95000076
IS21535,NA,-13.77999973,34.45000076
IS21545,NA,-13.06999969,33.40000153
IS21546,NA,-12.93000031,34.29000092
IS21557,NA,-13.65999985,35.52999878
IS21565,NA,-10.97999954,33.75
IS21583,NA,-14.35999966,34.25
IS21631,NA,-13.61999989,33.52999878
IS21976,NA,10.72999954,77.52999878
IS21982,NA,14.53999996,77.09999847
IS21996,NA,24.22999954,72.55000305
IS21997,NA,21.01000023,75.55999756
IS22001,NA,21.81999969,74.22000122
IS22009,NA,19.19000053,72.95999908
IS22019,NA,20.75,73.68000031
IS22025,NA,34.08000183,74.80999756
IS22026,NA,30.27000046,79.25
IS2206,NA,15.85999966,74.5
IS22100,NA,14.67000008,75.08999634
IS22104,NA,16.20000076,77.37000275
IS22193,NA,12.13000011,76.12999725
IS22598,NA,8.539999962,80.80000305
IS22601,NA,8.020000458,80.51000214
IS22604,NA,7.260000229,80.12999725
IS22608,NA,8.180000305,79.84999847
IS22615,NA,21.87999916,95.44999695
IS22618,NA,22.03000069,96.47000122
IS22701,NA,3.829999924,42.41999817
IS22702,NA,3.829999924,43
IS22742,NA,2.420000076,43.25
IS22746,NA,3.25,42.75
IS22751,NA,3.25,42.25
IS22785,NA,3.829999924,44.83000183
IS22789,NA,2.579999924,45.5
IS22792,NA,3.25,45.66999817
IS23108,NA,-3.549999952,36.09999847
IS23184,NA,-15.07999992,29.62000084
IS23188,NA,-14.55000019,30.80999947
IS23225,NA,-14.07999992,32.06000137
IS23240,NA,-13.55000019,32.52999878
IS23248,NA,-13.19999981,28.57999992
IS23262,NA,-9.289999962,31.25
IS23263,NA,-13.28999996,32.11000061
IS23275,NA,-13.52000046,31.57999992
IS23283,NA,-14.93000031,22.26000023
IS23298,NA,-12.27999973,33.20000076
IS23306,NA,-10.94999981,33.09000015
IS23308,NA,-11.64999962,32.88999939
IS23319,NA,-9.350000381,32.58000183
IS23322,NA,-16.82999992,27.06999969
IS23335,NA,-10.26000023,32.65000153
IS23341,NA,-10.02000046,31.18000031
IS23357,NA,-8.829999924,31.52000046
IS23358,NA,-9.069999695,32.02000046
IS23363,NA,-11.07999992,31.11000061
IS23366,NA,-13.1166658,29.8352753
IS23367,NA,-14.81000042,24.79999924
IS23370,NA,-11.89999962,31.43000031
IS23373,NA,-13.61999989,29.38999939
IS23375,NA,-13.97000027,28.67000008
IS23376,NA,-14.44999981,28.44000053
IS23615,NA,7.269999981,36.24000168
IS23651,NA,13.55000019,-14.77000046
IS23674,NA,13.19999981,-16.72999954
IS23675,NA,-16.88999939,37.81000137
IS23679,NA,-16.03000069,37.18000031
IS23685,NA,-16.78000069,38.86000061
IS23687,NA,-19.04999924,34.40000153
IS23693,NA,-15.89999962,38.95000076
IS23694,NA,-23.87999916,35.41999817
IS23698,NA,-13.71000004,39.81999969
IS23700,NA,-13.19999981,38.52999878
IS2371,NA,-5,120
IS23711,NA,-14.93999958,38.31000137
IS24283,NA,-8.729999542,33.29000092
IS24286,NA,-7.920000076,35.58000183
IS24287,NA,-8.850000381,34.63000107
IS24288,NA,-9.329999924,34.77000046
IS24292,NA,-10.68000031,35.63999939
IS24294,NA,-11.10999966,37.36000061
IS24297,NA,-6.179999828,39.31000137
IS24299,NA,-6.849999905,39.29999924
IS24302,NA,-10.92000008,39.06999969
IS24308,NA,-6.400000095,38.34999847
IS24309,NA,-6.849999905,30.56999969
IS24327,NA,19.87999916,76.48000336
IS24332,NA,20.22999954,77.55999756
IS24334,NA,20.70999908,77.98999786
IS24336,NA,20.42000008,79.37000275
IS24360,NA,19.01000023,73.94000244
IS24369,NA,18.72999954,76.37999725
IS24379,NA,26.54999924,79.58999634
IS24386,NA,27.88999939,78.06999969
IS24389,NA,28.39999962,77.84999847
IS24413,NA,25.37999916,81.13999939
IS24416,NA,26.06999969,81.08999634
IS24417,NA,25.45000076,81.83999634
IS24875,NA,9.390000343,9.210000038
IS25098,NA,7.9550113,-1.031819
IS25506,NA,-3.210000038,30.09000015
IS25543,NA,-2.559999943,28.95000076
IS25670,NA,13.43999958,-4.090000153
IS25690,NA,14.72999954,-6.559999943
IS25694,NA,15.01000023,-7.659999847
IS25706,NA,14.46000004,-8.229999542
IS25708,NA,15.26000023,-8.479999542
IS25722,NA,14.30000019,-9.550000191
IS25752,NA,15.01000023,-3.50999999
IS25766,NA,15.42000008,-4.039999962
IS25772,NA,13.85999966,-11.65999985
IS25783,NA,15.31000042,-11.35000038
IS25784,NA,13.39000034,-10.36999989
IS25798,NA,12.02999973,-9.710000038
IS25804,NA,12.39999962,-11.07999992
IS25812,NA,12.71000004,-10.57999992
IS25816,NA,11.44999981,-6.119999886
IS25839,NA,14,-4.119999886
IS25865,NA,12.57999992,-9.119999886
IS25868,NA,12.88000011,-9.979999542
IS25877,NA,13.06999969,-8.199999809
IS25888,NA,14.21000004,-7.579999924
IS25912,NA,13.69999981,-8.449999809
IS25913,NA,13.46000004,-7.800000191
IS25921,NA,13.05000019,-7.559999943
IS25931,NA,12.02999973,-8.380000114
IS25936,NA,11.56000042,-8.25
IS25945,NA,11.59000015,-7.539999962
IS25966,NA,10.60000038,-8.199999809
IS25985,NA,10.27999973,-7.260000229
IS25987,NA,10.75,-6.5
IS26000,NA,11.85999966,-5.409999847
IS26005,NA,11.13000011,-5.400000095
IS26008,NA,10.55000019,-5.769999981
IS26031,NA,13.06999969,-5.5
IS26056,NA,13.27999973,-4.579999924
IS26072,NA,12.55000019,-5.050000191
IS26090,NA,16.09000015,-3.339999914
IS26091,NA,15.21000004,-2.680000067
IS26101,NA,15.17000008,-1.409999967
IS26103,NA,15,-2.049999952
IS26108,NA,14.65999985,-2.75
IS26123,NA,13.75,-3.349999905
IS26131,NA,14.39999962,-3.160000086
IS26136,NA,14.40999985,-3.75
IS26137,NA,14.85999966,-5.210000038
IS26142,NA,14.77999973,-6.010000229
IS26147,NA,13.57999992,-5.25
IS26148,NA,14.30000019,-11.46000004
IS26282,NA,9.529999733,0.439999998
IS26285,NA,10.01000023,0.49000001
IS26370,NA,9.130000114,1.110000014
IS26376,NA,8.359999657,1
IS26390,NA,6.900000095,0.850000024
IS26404,NA,6.199999809,1.350000024
IS26419,NA,6.800000191,1.730000019
IS26434,NA,9.510000229,3.150000095
IS26485,NA,10.93000031,3.700000048
IS26516,NA,11.93999958,3.230000019
IS26532,NA,11.64999962,2.529999971
IS26540,NA,11.02000046,2.25
IS26548,NA,10.77999973,2.710000038
IS26565,NA,10.48999977,1.379999995
IS26566,NA,6.400000095,2.059999943
IS26575,NA,10.93000031,1.080000043
IS26576,NA,11.18000031,3
IS26579,NA,9.409999847,2.559999943
IS26588,NA,10,1.50999999
IS26594,NA,9.010000229,1.659999967
IS26596,NA,8.5,1.730000019
IS26598,NA,9.5,1.629999995
IS26602,NA,7.829999924,1.659999967
IS26634,NA,-13.82999992,24.17000008
IS26635,NA,-13.5,23
IS26638,NA,-12.32999992,24.82999992
IS26641,NA,-9.649999619,28.90999985
IS26821,NA,12.63000011,44.00999832
IS26827,NA,16.59000015,43.31999969
IS26837,NA,5.039999962,32.45000076
IS26925,NA,8.720000267,77.66999817
IS26978,NA,21.31999969,77.05000305
IS26991,NA,23.35000038,85.33000183
IS26993,NA,23.82999992,84.80999756
IS27003,NA,27.67000008,76.08000183
IS27071,NA,-20.88999939,30.78000069
IS27087,NA,-22.04000092,31.40999985
IS27100,NA,-20.35000038,31.45000076
IS27123,NA,-19.01000023,28.89999962
IS27129,NA,-20.47999954,27.82999992
IS27132,NA,-19.76000023,27.75
IS27137,NA,-19.65999985,30
IS27139,NA,-18.32999992,27.75
IS27156,NA,-18.54999924,29.54999924
IS27165,NA,-18.89999962,31.28000069
IS27167,NA,-18.12000084,28.52000046
IS27169,NA,-19.27000046,29.44000053
IS27179,NA,-20.85000038,30.18000031
IS27215,NA,-17.55999947,29.61000061
IS27222,NA,-17.62000084,30.18000031
IS27233,NA,-16.05999947,29.39999962
IS27253,NA,-16.57999992,32.18000031
IS27292,NA,13.71000004,-1.179999948
IS27336,NA,14.05000019,-2.529999971
IS27387,NA,11.25,0.699999988
IS27393,NA,11.52999973,0.02
IS27502,NA,12.18000031,-4.079999924
IS27527,NA,11.80000019,-3.279999971
IS27680,NA,8.479999542,-12.86999989
IS27708,NA,8,-11.05000019
IS27717,NA,7.929999828,-11.55000019
IS27726,NA,7.230000019,-11.42000008
IS27736,NA,8.619999886,-10.73999977
IS27740,NA,8.449999809,-11.77000046
IS27766,NA,9.279999733,-12.18999958
IS27775,NA,9.850000381,-11.42000008
IS27858,NA,-26.75,28.73999977
IS27859,NA,-29.14999962,31.05999947
IS27942,NA,14.02999973,45.31999969
IS28036,NA,17.02000046,44.06999969
IS28086,NA,13.25,43.47999954
IS28143,NA,14.13000011,43.18999863
IS28317,NA,14.68000031,49.04999924
IS28444,NA,13.52999973,45.5
IS28453,NA,12.7472,44.9075
IS28749,NA,14.18999958,47.04999924
IS28966,NA,12.52999973,54.27000046
IS29053,NA,15.72000027,43.65000153
IS29228,NA,-27.21999931,31.61000061
IS29664,NA,18.42000008,-70.11000061
IS29685,NA,-19.05999947,31.75
IS29757,NA,-21.05999947,31.65999985
IS29808,NA,-16.17000008,30.57999992
IS29838,NA,-17.03000069,30.39999962
IS29856,NA,-17.64999962,31.78000069
IS29860,NA,-17.39999962,32.22000122
IS29866,NA,-16.97999954,32.70000076
IS30024,NA,-18.37999916,26.42000008
IS30095,NA,-19.45000076,27.25
IS30122,NA,-18.18000031,31.54999924
IS30145,NA,-18.96999931,32.65000153
IS30213,NA,-17.73999977,27.39999962
IS30318,NA,33.47999954,116.8600006
IS30319,NA,31.62000084,114.8600006
IS30359,NA,37.41999817,117.0299988
IS30360,NA,38.45999908,111.1100006
IS30371,NA,39,111.0800018
IS30391,NA,38.34999847,111.9300003
IS30398,NA,37.08000183,113.3600006
IS30401,NA,37.83000183,113.5999985
IS30407,NA,26.77000046,104.4300003
IS30422,NA,38.90999985,111.8300018
IS30444,NA,27.47999954,117.3799973
IS30452,NA,39.52000046,112.8099976
IS30455,NA,32.83000183,118.8499985
IS3075,NA,14.23999977,34.40999985
IS30853,NA,8.829999924,13.97000027
IS30855,NA,8.470000267,13.23999977
IS30858,NA,7.829999924,14.75
IS30860,NA,7.829999924,15.39000034
IS30864,NA,7.170000076,14.82999992
IS30867,NA,7.329999924,14.18999958
IS30868,NA,7.5,13.5
IS3127,NA,36.707529,67.106626
IS31666,NA,-5.1000004,13.1166658
IS31869,NA,14.47999954,48.43999863
IS31965,NA,16.12000084,43.09000015
IS32150,NA,16.36000061,44.09000015
IS32262,NA,15.14999962,48.34000015
IS32337,NA,21.68000031,85.26000214
IS32357,NA,20.5,82.79000092
IS32370,NA,20.82999992,84.30000305
IS32373,NA,21.46999931,83.98999786
IS32401,NA,24,85.36000061
IS32404,NA,23.94000053,86.83000183
IS32405,NA,24.27000046,87.25
IS32420,NA,24.27000046,84.25
IS32425,NA,26.37999916,85.18000031
IS32426,NA,24.87999916,86.91000366
IS32449,NA,24.40999985,83.36000061
IS32459,NA,24.75,84.37000275
IS32461,NA,23.12000084,83.19000244
IS32471,NA,22.75,81.77999878
IS32475,NA,22.47999954,83.20999908
IS32506,NA,17.79999924,81.38999939
IS32571,NA,2.99000001,44.84000015
IS32685,NA,3.890000105,45.49000168
IS33242,NA,10,15.43999958
IS33716,NA,17.82999992,76.69000244
IS33861,NA,17.37000084,75.08999634
IS33973,NA,13.64999962,78.90000153
IS33984,NA,14.01000023,78.18000031
IS34008,NA,15.22999954,78.30999756
IS34017,NA,22.95999908,74.81999969
IS34029,NA,22.40999985,74.55999756
IS34035,NA,23.17000008,75.77999878
IS34067,NA,23.70000076,76.01000214
IS34083,NA,24.05999947,75.06999969
IS34139,NA,21.76000023,75.68000031
IS34150,NA,21.82999992,76.34999847
IS34219,NA,18.56999969,82.95999908
IS34226,NA,-21.28000069,27.87999916
IS3457,NA,4.110000134,33.40000153
IS34778,NA,5.170000076,14.77000046
IS34781,NA,5.849999905,14.82999992
IS34814,NA,6.670000076,16.37999916
IS34840,NA,7.28000021,16.17000008
IS34851,NA,6.980000019,15.64000034
IS34860,NA,7.369999886,16.72999954
IS34895,NA,5.659999847,20.69000053
IS34901,NA,6.5,17.55999947
IS34906,NA,5.78000021,17.54999924
IS34908,NA,5.260000229,17.64999962
IS34909,NA,6.03000021,18.40999985
IS34913,NA,6.510000229,18.28000069
IS34928,NA,7.309999943,18.29000092
IS34938,NA,6.369999886,19.17000008
IS34939,NA,7.21999979,18.82999992
IS34947,NA,6.659999847,19.79999924
IS34954,NA,8.409999847,22.64999962
IS34965,NA,7.550000191,20.18000031
IS34976,NA,4.329999924,18.67000008
IS35170,NA,-20.84000015,27.21999931
IS35214,NA,30.67000008,73.66000366
IS35215,NA,30.28000069,73.05999756
IS35218,NA,29.73999977,73.23999786
IS35222,NA,29.19000053,72.84999847
IS35225,NA,29.38999939,71.66999817
IS35229,NA,28.68000031,65.94000244
IS35230,NA,28.68000031,69.94000244
IS35231,NA,29.10000038,70.31999969
IS35239,NA,29.98999977,70.29000092
IS35240,NA,30.62999916,70.58000183
IS35244,NA,31.17000008,71.22000122
IS35246,NA,31.87999916,71.90000153
IS35250,NA,32.93000031,72.84999847
IS35254,NA,33.24000168,72.26000214
IS35255,NA,33.59999847,73.04000092
IS35427,NA,1.100000024,31.79999924
IS35471,NA,-17.72999954,25.11000061
IS35475,NA,-17.86000061,24.18000031
IS35478,NA,-17.75,23.37999916
IS35480,NA,-17.97999954,20.54999924
IS35483,NA,-18.03000069,19.04999924
IS35503,NA,-17.72999954,18.47999954
IS35506,NA,-18.43000031,19.72999954
IS35507,NA,-19.75,19.97999954
IS35509,NA,-19.63999939,17.34000015
IS35510,NA,-18.61000061,17.15999985
IS35522,NA,-17.51000023,14.63000011
IS35526,NA,-17.92000008,15.22999954
IS35553,NA,-17.43000031,15.32999992
IS35567,NA,-17.60000038,17.79999924
IS35570,NA,-17.62000084,17.12999916
IS35574,NA,-17.5,15.82999992
IS35579,NA,-17.56999969,16.5
IS35602,NA,-17.92000008,13.75
IS35604,NA,-17.87000084,13.17000008
IS3582,NA,18.10000038,33.54999924
IS36052,NA,17.22999954,78.27999878
IS36058,NA,17.5,79.26000214
IS36060,NA,16.89999962,78.73000336
IS36081,NA,16.45000076,78.45999908
IS36088,NA,18,79.58999634
IS36100,NA,16.97999954,73.30000305
IS36102,NA,23.30999947,91.30999756
IS36239,NA,10.27999973,77.86000061
IS36247,NA,9.630000114,78.83000183
IS36317,NA,13.64999962,76.93000031
IS36324,NA,15.77999973,76.76000214
IS36329,NA,15.63000011,76.01000214
IS36336,NA,16.40999985,76.93000031
IS36342,NA,16.35000038,75.91999817
IS36398,NA,11.32999992,79.37999725
IS36401,NA,12.77999973,80.18000031
IS36403,NA,11.93999958,79.5
IS36404,NA,12.27999973,78.61000061
IS36450,NA,29.60000038,79.65000153
IS36452,NA,8.479999542,76.91000366
IS3696,NA,25.04000092,121.5100021
IS37124,NA,-17.62000084,25.87999916
IS37125,NA,-15.32999992,24.27000046
IS37127,NA,-16.70000076,26.17000008
IS37128,NA,-16.75,25.17000008
IS37129,NA,-16.43000031,24.69000053
IS37133,NA,-15.57999992,23.25
IS37134,NA,-15.07999992,23.30999947
IS37135,NA,-14.19999981,23
IS37136,NA,-16.32999992,23.12999916
IS37140,NA,-15.27999973,22.75
IS37146,NA,-18.11000061,21.62999916
IS37203,NA,17.39999962,77.34999847
IS37234,NA,16.90999985,76.23000336
IS37569,NA,9.340000153,42.79000092
IS3762,NA,43.0547222,141.3538889
IS37746,NA,9.789999962,35.09999847
IS37978,NA,10.82999992,42.61999893
IS38021,NA,8.149999619,35.52999878
IS38026,NA,13.60999966,39
IS38159,NA,11.52999973,41.63000107
IS38683,NA,12.63000011,39.02999878
IS39453,NA,11.85000038,38
IS39462,NA,8.619999886,39.97000122
IS39463,NA,12.06000042,35.88000107
IS39474,NA,9.31000042,34.58000183
IS39496,NA,7.539999962,37.84999847
IS39525,NA,11.01000023,38.09000015
IS39672,NA,9.779999733,9.779999733
IS39677,NA,8.630000114,10.57999992
IS39713,NA,8.869999886,8.470000267
IS39764,NA,13.13000011,6.349999905
IS39778,NA,12.75,5.849999905
IS39780,NA,12.10999966,13.65999985
IS39783,NA,9.329999924,5.059999943
IS39791,NA,12.10999966,5.929999828
IS39797,NA,12.77999973,12.77999973
IS39809,NA,9.670000076,11.63000011
IS39810,NA,9.609999657,13.07999992
IS39814,NA,10.80000019,11.42000008
IS39815,NA,11.15999985,12.75
IS39819,NA,11.48999977,11.93999958
IS39913,NA,1.440000057,31.34000015
IS39915,NA,0.850000024,32.47000122
IS40005,NA,0.270000011,32.45000076
IS4003,NA,28.89999962,76.55999756
IS40033,NA,7.730000019,8.529999733
IS40034,NA,8.31000042,8.510000229
IS40036,NA,8.079999924,5.230000019
IS40215,NA,16.06999969,75.36000061
IS40272,NA,16.5,75
IS40306,NA,14.82999992,76.5
IS40307,NA,14.48999977,76.16000366
IS40324,NA,14.56000042,75.58999634
IS40325,NA,15,75.83000183
IS40329,NA,13.59000015,75.95999908
IS40373,NA,-0.379999995,32.88000107
IS4064,NA,26.02000046,76.33999634
IS40729,NA,20.54000092,74.45999908
IS40730,NA,20.32999992,75.05999756
IS40757,NA,19.62000084,75.87999725
IS40771,NA,19.26000023,76.76999664
IS40791,NA,20.14999962,73.80999756
IS40803,NA,18.32999992,74.83000183
IS40819,NA,19.04999924,74.44000244
IS40822,NA,19.37000084,74.93000031
IS40824,NA,19.87000084,74.47000122
IS40841,NA,17.85000038,74.66000366
IS4127,NA,24.87999916,74.62999725
IS4207,NA,24.59000015,76.16000366
IS4246,NA,24.04999924,81.22000122
IS4248,NA,20.28000069,81.38999939
IS4254,NA,23.20000076,77.08000183
IS4269,NA,22.44000053,77.43000031
IS4277,NA,22.57999992,84.01000214
IS4307,NA,25.45999908,76.36000061
IS4308,NA,23.53000069,77.80999756
IS4332,NA,25.65999985,78.45999908
IS4339,NA,26.55999947,78.77999878
IS4347,NA,26.47999954,78.01000214
IS4378,NA,24.39999962,77.12999725
IS4405,NA,24.20000076,78.19999695
IS4416,NA,23.76000023,76.98000336
IS4489,NA,24.27000046,74.51999664
IS4543,NA,18.98999977,75.76000214
IS4734,NA,22.29999924,70.77999878
IS4758,NA,22.45999908,70.05999756
IS4788,NA,21.61000061,71.23000336
IS4798,NA,21.76000023,72.13999939
IS4809,NA,22.75,72.68000031
IS4855,NA,23.60000038,72.38999939
IS5125,NA,15.22999954,79.30999756
IS5134,NA,16.11000061,81.08000183
IS5139,NA,16.89999962,80.09999847
IS5158,NA,16.93000031,82.22000122
IS5166,NA,17.70000076,83.30000305
IS5177,NA,18.29999924,84.01000214
IS5194,NA,17.34000015,80.41000366
IS5219,NA,15.88000011,78.58000183
IS5233,NA,18.37999916,78.83000183
IS5257,NA,18.67000008,78.01000214
IS5282,NA,17.79999924,78.37000275
IS5290,NA,19.79999924,85.84999847
IS5313,NA,20.70999908,83.5
IS5325,NA,22.06999969,84.01999664
IS5326,NA,22.20000076,84.59999847
IS5328,NA,20.38999939,85.36000061
IS5335,NA,20.37000084,84.55999756
IS5339,NA,22.07999992,85.66000366
IS5348,NA,21.29000092,86.55999756
IS5404,NA,11.94999981,78.95999908
IS5409,NA,10.97000027,78.91000366
IS5456,NA,10.51000023,76.20999908
IS5464,NA,9.579999924,76.51000214
IS5469,NA,14.07999992,75.33999634
IS5491,NA,13,76.05000305
IS5499,NA,13.13000011,78.12999725
IS5689,NA,23.72999954,84.22000122
IS5788,NA,23.82999992,78.70999908
IS5804,NA,23.97999954,79.40000153
IS5815,NA,26.03000069,78.81999969
IS5818,NA,23.15999985,79.94000244
IS5824,NA,23.71999931,82.55000305
IS5832,NA,20.72999954,81.65000153
IS5839,NA,21.79999924,81.33999634
IS5855,NA,22.88999939,79.19999695
IS5900,NA,22.04999924,82.08999634
IS5928,NA,24.39999962,81.90000153
IS5980,NA,24.71999931,80.18000031
IS5995,NA,24.73999977,78.81999969
IS6004,NA,32.70999908,74.84999847
IS6024,NA,30.89999962,75.84999847
IS6035,NA,30.31999969,76.40000153
IS6095,NA,25.95999908,80.15000153
IS6099,NA,27.22999954,79.01999664
IS6106,NA,27.39999962,79.55999756
IS6116,NA,26.25,82.06999969
IS6146,NA,25.18000031,83
IS6150,NA,25.45000076,82.41000366
IS6152,NA,25.45000076,84.08000183
IS6165,NA,27.57999992,81.59999847
IS6169,NA,29.10000038,77.16000366
IS6191,NA,27.06999969,80.51000214
IS6192,NA,27.95000076,80.76999664
IS6203,NA,28.62999916,79.80000305
IS6206,NA,26.54999924,82.65000153
IS6208,NA,27.02000046,82.12000275
IS6210,NA,25.5,75.44999695
IS6215,NA,28.57999992,75.56999969
IS6222,NA,28.5,78.45999908
IS6227,NA,29.21999931,78.08000183
IS6230,NA,23.32999992,86.36000061
IS6236,NA,21.86000061,87.95999908
IS6243,NA,23.01000023,88.27999878
IS6245,NA,23.07999992,87.11000061
IS6249,NA,23.72999954,87.98000336
IS6255,NA,22.46999931,87.27999878
IS6259,NA,24.18000031,88.26000214
IS6266,NA,26.51000023,88.73000336
IS6269,NA,26.4705731,92.9003906
IS6276,NA,30.73999977,76.77999878
IS6282,NA,30.22999954,75.83000183
IS6294,NA,29.5,75.44999695
IS6321,NA,28.47999954,76.18000031
IS6329,NA,29.71999931,77.08000183
IS6331,NA,29.79999924,76.37999725
IS7069,NA,18.55999947,33.34000015
IS7304,NA,12.10999966,11.75
IS7312,NA,12.93000031,12
IS7343,NA,12.26000023,11.10000038
IS7348,NA,12.86999989,11.03999996
IS7360,NA,11.94999981,10.63000011
IS7367,NA,6.659999847,3.309999943
IS7386,NA,10.21000004,11.38000011
IS7389,NA,9.409999847,10.17000008
IS7403,NA,6.980000019,9.5
IS7408,NA,7.510000229,9.609999657
IS7411,NA,8,7.829999924
IS7418,NA,4.699999809,8.159999847
IS7419,NA,7,10.26000023
IS7424,NA,8.369999886,12.07999992
IS7428,NA,8.850000381,7.860000134
IS7447,NA,12.31000042,3.710000038
IS7469,NA,7.5,6.039999962
IS7480,NA,6.480000019,9.430000305
IS7486,NA,7.360000134,7.059999943
IS7490,NA,12.14999962,10.02999973
IS7492,NA,12.85000038,13.68000031
IS7506,NA,7.03000021,8.529999733
IS7508,NA,10.19999981,7.130000114
IS7535,NA,12.02999973,4.269999981
IS7643,NA,9.050000191,6.559999943
IS7689,NA,11.43000031,5.230000019
IS7696,NA,10.30000019,6.579999924
IS7702,NA,10.82999992,5.829999924
IS7704,NA,9.75,6.5
IS7763,NA,8.229999542,7.050000191
IS7773,NA,10.57999992,8.149999619
IS7792,NA,7.260000229,10.89999962
IS7802,NA,11.05000019,9.630000114
IS7806,NA,5.630000114,6.400000095
IS7812,NA,9.119999886,7.139999866
IS7825,NA,9.479999542,7.679999828
IS7834,NA,5.829999924,8.850000381
IS7835,NA,8.850000381,11.38000011
IS7836,NA,6.449999809,6.599999905
IS7843,NA,8.779999733,5.309999943
IS7845,NA,7.130000114,4.380000114
IS7849,NA,8.859999657,4.079999924
IS7887,NA,10.69999981,4.579999924
IS7892,NA,5.070000172,6.179999828
IS7920,NA,12.43000031,9.100000381
IS7923,NA,12.14999962,5.110000134
IS7948,NA,11.19999981,4.550000191
IS7995,NA,12.07999992,6.5
IS8310,NA,24.07999992,70.16000366
IS8861,NA,-1.960000038,35.83000183
IS9115,NA,-2.0000005,31.499999
IS962,NA,40.91999817,-89.48000336
IS9720,NA,14.23999977,23.29000092
IS11473,NA,15.10000038,36.65000153
IS11619,NA,9.029999733,38.70000076
IS11919,NA,15.06999969,39.04999924
IS11954,NA,15.31999969,38.91999817
IS12804,NA,41.0186111,28.9647222
IS12945,NA,11.4333,-85.8333
IS13782,NA,-29.01502,29.87103
IS13893,NA,-29.01502,29.87103
IS13919,NA,-29.01502,29.87103
IS13971,NA,-29.01502,29.87103
IS14010,NA,-29.01502,29.87103
IS14564,NA,14.03999996,35.22000122
IS14567,NA,13.82999992,35.43000031
IS14719,NA,6.03000021,37.54999924
IS17941,NA,26.54999924,76.66999817
IS17980,NA,20.70000076,77
IS18039,NA,20.70000076,77
IS18948,NA,27.44000053,77.73999786
IS19153,NA,11.18999958,24.14999962
IS19262,NA,11.18999958,24.14999962
IS19859,NA,25.18000031,80.30000305
IS19975,NA,13.14000034,-15.47000027
IS21083,NA,-0.100000001,34.47999954
IS21512,NA,-16.14999962,34.77999878
IS21645,NA,-16.28000069,34.84999847
IS21863,NA,33.5,36.29999924
IS2205,NA,28.6255144,77.1817017
IS22239,NA,-24.47999954,25.87999916
IS22294,NA,-23.01000023,27.76000023
IS22609,NA,7.320000172,80.98000336
IS22616,NA,22.56999969,95.69000244
IS22720,NA,3.420000076,43.5
IS22799,NA,4.75,45.25
IS22986,NA,10.52999973,30.52000046
IS23216,NA,-14.25,31.32999992
IS23514,NA,8.239999771,34.38999939
IS23521,NA,8.199999809,34.25999832
IS23579,NA,8.239999771,34.59000015
IS23586,NA,8.270000458,34.65999985
IS23590,NA,8.270000458,34.65999985
IS23644,NA,13.65999985,-15.39999962
IS23684,NA,-16.14999962,38.31999969
IS2379,NA,-23.83333,31.5
IS2382,NA,-23.83333,31.5
IS2397,NA,-23.83333,31.5
IS24348,NA,21.18000031,74.68000031
IS25522,NA,-3.339999914,29.39999962
IS25523,NA,-3.339999914,29.39999962
IS25524,NA,-3.49000001,29.34000015
IS25548,NA,-2.059999943,29.36000061
IS25732,NA,14.27000046,-10.35999966
IS25836,NA,15.14999962,-10.27000046
IS25989,NA,11.27999973,-7.010000229
IS26025,NA,12.39000034,-6.360000134
IS26222,NA,10.80000019,0.230000004
IS27557,NA,12.23999977,-2.460000038
IS27697,NA,8.579999924,-12.35000038
IS27887,NA,-24.19000053,29.48999977
IS27912,NA,-26,29.76000023
IS28141,NA,15.23999977,47.45000076
IS28313,NA,16.02000046,48.20000076
IS28449,NA,15.11999989,43.04000092
IS28451,NA,15.11999989,43.04000092
IS28614,NA,14.19999981,46.27999878
IS28747,NA,13.06999969,44.49000168
IS28849,NA,15.14000034,43.56000137
IS29091,NA,14.48999977,45.20999908
IS29100,NA,15.18999958,43.16999817
IS29187,NA,-26.31999969,31.13999939
IS29233,NA,-26.95000076,31.01000023
IS29239,NA,-26.95000076,31.01000023
IS29241,NA,-26.95000076,31.01000023
IS29304,NA,-26.31999969,31.13999939
IS29314,NA,-26.03000069,31.85000038
IS29326,NA,-26.95000076,31.01000023
IS29335,NA,-26.95000076,31.01000023
IS29358,NA,-29.51000023,27.62000084
IS29392,NA,-29.5,28
IS29441,NA,-30.12999916,28.70000076
IS29468,NA,-30.02000046,27.54999924
IS29565,NA,-29.31999969,27.47999954
IS29568,NA,-29.31999969,27.47999954
IS29582,NA,-29.31999969,27.47999954
IS29689,NA,-19.52000046,31.62999916
IS29714,NA,-20.79000092,32.22999954
IS29733,NA,-20.32999992,30.04000092
IS29772,NA,-18.53000069,32.11999893
IS29914,NA,-20.03000069,29.10000038
IS29950,NA,-20.53000069,29.28000069
IS30079,NA,-18.93000031,27.72999954
IS30092,NA,-20.80999947,28.55999947
IS30231,NA,-17.82999992,31.04999924
IS30383,NA,38.70999908,113.25
IS30400,NA,36.52999878,112.6800003
IS30417,NA,36.18999863,113.0999985
IS30443,NA,37.34999847,112.3099976
IS30450,NA,39.68999863,113.6800003
IS30451,NA,39.43000031,114.2300034
IS30460,NA,36.52999878,112.6800003
IS30466,NA,36.31999969,112.8799973
IS30572,NA,10.59000015,14.32999992
IS30838,NA,10,13.52000046
IS31043,NA,3.349999905,33.33000183
IS31186,NA,1.799999952,33.54999924
IS31446,NA,0.129999995,30.25
IS31557,NA,-3.980000019,30.04000092
IS31706,NA,13.47999954,44.09000015
IS31714,NA,14.42000008,44.20000076
IS32245,NA,14.52000046,44.18999863
IS32349,NA,19.53000069,82.45999908
IS32439,NA,25.37999916,86.47000122
IS32754,NA,2.140000105,45.11999893
IS33023,NA,-5.019999981,32.81999969
IS33844,NA,17.67000008,75.90000153
IS4060,NA,27.20999908,77.48999786
IS4092,NA,26.15999985,75.77999878
IS4360,NA,25.25,77.38999939
IS4372,NA,23.51000023,75.25
IS4515,NA,19.87999916,75.31999969
IS4581,NA,18.15999985,76.05000305
IS4613,NA,18.15999985,76.05000305
IS4631,NA,18.15999985,76.05000305
IS4698,NA,17.69000053,74
IS4951,NA,20.53000069,76.18000031
IS5094,NA,14.68000031,77.58999634
IS5295,NA,20.03000069,84.12999725
IS5301,NA,19.37999916,85.05999756
IS5386,NA,11,76.95999908
IS5667,NA,15.47000027,75.01999664
IS5919,NA,23.29999924,81.37000275
IS6351,NA,15.47000027,75.01999664
IS6354,NA,15.47000027,75.01999664
IS6421,NA,17.69000053,74
IS7305,NA,11.56000042,13.01000023
IS7310,NA,11.47999954,11.10000038
IS7679,NA,9.159999847,12.63000011
IS7957,NA,11.39999962,4.110000134
IS7987,NA,11.5,3.700000048
IS8777,NA,1.830000043,32.5525795
IS8916,NA,0.460000008,34.08000183
IS9108,NA,-0.07,34.81000137
IS9113,NA,-0.07,34.81000137
IS9745,NA,12.43000031,34.06999969
IS10876,NA,9.75,8.380000114
IS10882,NA,9.75,8.380000114
IS11119,NA,9.5,38.22999954
IS1127,NA,26.01000023,87.80000305
IS11374,NA,9.079999924,36.52999878
IS11758,NA,9.399999619,42.00999832
IS11960,NA,15.31999969,38.91999817
IS12110,NA,9.210000038,36.68999863
IS12169,NA,12.02999973,39.02999878
IS12531,NA,9.31000042,42.11000061
IS13264,NA,26.45,74.6333
IS13791,NA,-29.01502,29.87103
IS13827,NA,-29.01502,29.87103
IS13845,NA,-29.01502,29.87103
IS13926,NA,-29.01502,29.87103
IS13989,NA,-29.01502,29.87103
IS1398,NA,10.36999989,30.22999954
IS14446,NA,14.03999996,35.22000122
IS14449,NA,14.03999996,35.22000122
IS14478,NA,8.409999847,32.06000137
IS14556,NA,4.510000229,35.97999954
IS14735,NA,5.380000114,37.93000031
IS19016,NA,11.18999958,24.14999962
IS19026,NA,11.18999958,24.14999962
IS19041,NA,11.18999958,24.14999962
IS19126,NA,11.18999958,24.14999962
IS19132,NA,11.18999958,24.14999962
IS19685,NA,21.10000038,80.91000366
IS19847,NA,24.90999985,79.58999634
IS19953,NA,15.02999973,-13.77999973
IS20016,NA,14.13000011,-14.97000027
IS20064,NA,13.25,-12.17000008
IS21124,NA,-0.5666662,34.3166676
IS21126,NA,-0.6393854,34.2174145
IS21401,NA,-13.77000046,32.97999954
IS21425,NA,-16.03000069,35.49000168
IS21519,NA,-11.71000004,33.63000107
IS2156,NA,13.02999973,8.31000042
IS21991,NA,19.68000031,78.65000153
IS22040,NA,15.81999969,78.02999878
IS22074,NA,15.14000034,76.91000366
IS22282,NA,-23.10000038,26.82999992
IS22287,NA,-23.10000038,26.82999992
IS22291,NA,-23.01000023,27.76000023
IS22325,NA,-19.87999916,23.56999969
IS22330,NA,-24.39999962,25.52000046
IS22334,NA,-22.39999962,22.04999924
IS2262,NA,14.03999996,35.22000122
IS22909,NA,12.03999996,30.52000046
IS22996,NA,10.52999973,30.52000046
IS23033,NA,14.31999969,33.41999817
IS23048,NA,12.89999962,23.46999931
IS23053,NA,12.53999996,32.5
IS23100,NA,-4.820000172,34.74000168
IS23142,NA,-7.389999866,35.79000092
IS23166,NA,-6.170000076,35.72999954
IS23178,NA,-15.5666666,28.2833338
IS23574,NA,8.199999809,34.25999832
IS23601,NA,7.918000221,34.44900131
IS23645,NA,13.65999985,-15.39999962
IS23666,NA,13.31999969,-15.89000034
IS23669,NA,13.22000027,-16.12999916
IS2367,NA,8.890000343,9.470000267
IS2416,NA,-23.83333,31.5
IS2430,NA,13.06000042,5.25
IS24713,NA,9.800000191,8.489999771
IS24775,NA,10.88000011,13.63000011
IS24786,NA,10.88000011,13.63000011
IS25055,NA,9.399999619,-0.980000019
IS25702,NA,15.15999985,-9.380000114
IS25733,NA,15.05000019,-9.350000381
IS25848,NA,13.35000038,-9.449999809
IS26110,NA,14.43000031,-2.230000019
IS26198,NA,10.59000015,0.07
IS26224,NA,10.5,0.49000001
IS27146,NA,-19.57999992,32.5
IS27164,NA,-19.82999992,30.54999924
IS27287,NA,13.15999985,-0.819999993
IS27490,NA,12.77000046,-3.809999943
IS27587,NA,11.3344,14.9796
IS27599,NA,12.22999954,14.63000011
IS27855,NA,-23.37999916,30.95999908
IS28332,NA,13.47000027,44.09000015
IS28688,NA,13.44999981,44.47000122
IS28740,NA,15.31999969,44.15000153
IS28991,NA,16.04000092,49.24000168
IS29310,NA,-26.03000069,31.85000038
IS29407,NA,-29.53000069,28.14999962
IS29409,NA,-29.53000069,28.14999962
IS29472,NA,-30.02000046,27.54999924
IS29496,NA,-30.26000023,27.87999916
IS29569,NA,-29.31999969,27.47999954
IS29691,NA,-19.52000046,31.62999916
IS29798,NA,-16.27000046,31.5
IS29870,NA,-20.90999985,28.45999908
IS29872,NA,-20.90999985,28.45999908
IS29876,NA,-20.90999985,28.45999908
IS29911,NA,-20.03000069,29.10000038
IS29966,NA,-20.90999985,28.45999908
IS29977,NA,-20.90999985,28.45999908
IS30175,NA,-18.07999992,32.66999817
IS30205,NA,-20.20000076,32.59999847
IS30207,NA,-20.20000076,32.59999847
IS30335,NA,37.88999939,112.5500031
IS30397,NA,39.43999863,111.4800034
IS30405,NA,36.84000015,111.7600021
IS30409,NA,37.50999832,111.1299973
IS30436,NA,37.68000031,112.7399979
IS30441,NA,37.20000076,112.1699982
IS30619,NA,12.38000011,14.89999962
IS3073,NA,13.53999996,33.36000061
IS30748,NA,11.02999973,14.13000011
IS30898,NA,1.860000014,33.75
IS31123,NA,3.160000086,30.92000008
IS31179,NA,1.049999952,34.29999924
IS31195,NA,1.700000048,34.06999969
IS31202,NA,0.589999974,33.09000015
IS31299,NA,-0.99000001,29.93000031
IS31533,NA,-3.059999943,30.76000023
IS31559,NA,-2.349999905,29.97999954
IS31852,NA,13.44999981,44.47000122
IS31861,NA,13.59000015,44.52000046
IS32050,NA,15.28999996,43.33000183
IS32087,NA,13.43999958,44.45999908
IS32092,NA,16.04000092,49.24000168
IS32454,NA,24.82999992,85.41000366
IS32569,NA,2.789999962,44.08000183
IS32986,NA,-4.820000172,34.74000168
IS33173,NA,12.38000011,14.38000011
IS33178,NA,10.51000023,14.38000011
IS33209,NA,10.78999996,14.65999985
IS33261,NA,10.06999969,14.60999966
IS3443,NA,10.5,30.44000053
IS3507,NA,10.5,30.44000053
IS3511,NA,11.25,30.01000023
IS3583,NA,10.5,30.44000053
IS3885,NA,12.39000034,-7.590000153
IS3905,NA,12.39000034,-7.590000153
IS4027,NA,26.54999924,75.51999664
IS4035,NA,26.54999924,75.51999664
IS4112,NA,26.15999985,75.77999878
IS4285,NA,21.90999985,77.88999939
IS4726,NA,22.70000076,71.68000031
IS4776,NA,21.52000046,70.45999908
IS4821,NA,22.29999924,73.19999695
IS4963,NA,20.53000069,76.18000031
IS5106,NA,14.47000027,78.81999969
IS5622,NA,16.81999969,75.72000122
IS5720,NA,24.48999977,86.30000305
IS5867,NA,22.06999969,78.93000031
IS5910,NA,21.89999962,83.40000153
IS5972,NA,24.57999992,80.83000183
IS6094,NA,25.59000015,79.58000183
IS6154,NA,26.51000023,83.77999878
IS6193,NA,26.54999924,80.48999786
IS6413,NA,16.70000076,74.23000336
IS7277,NA,8.050000191,10.77999973
IS7314,NA,11.85000038,13.14999962
IS7463,NA,9.529999733,12.35000038
IS7620,NA,9.399999619,6.03000021
IS7722,NA,12.80000019,4.510000229
IS7861,NA,8.6457973,5.8409575
IS7889,NA,10.43000031,3.819999933
IS7958,NA,11.5,3.700000048
IS9168,NA,-0.6054147,34.7451266
IS9597,NA,13.44999981,7.110000134
IS9713,NA,13.44999981,35.56000137
IS9830,NA,11.18999958,24.14999962
IS9883,NA,11.18999958,24.14999962
IS9911,NA,11,29.42000008
NA,PI533762,11,29.42000008
NA,PI533769,16.39999962,33.25
NA,PI533785,12.43000031,9.100000381
NA,PI533789,13.03999996,30.20000076
NA,PI533792,9.029999733,38.70000076
NA,PI533794,9.029999733,38.70000076
NA,PI533800,9.579999924,41.86000061
NA,PI533810,17.68000031,73.98000336
NA,PI533839,11.03999996,7.420000076
NA,PI533842,15.47000027,75.01999664
NA,PI533856,15.47000027,75.01999664
NA,PI533876,12.51000023,7.730000019
NA,PI533877,12.31000042,3.710000038
NA,PI533882,11.85999966,9.199999809
NA,PI533910,13.03999996,30.20000076
NA,PI533911,13.03999996,30.20000076
NA,PI533912,13.03999996,30.20000076
NA,PI533985,14.30000019,22.56999969
NA,PI533986,11,29.42000008
NA,PI533987,10.5,30.44000053
NA,PI533991,4.239999771,32.33000183
NA,PI533996,10.5,30.44000053
NA,PI534009,16.70999908,81.11000061
NA,PI534021,15.47000027,75.01999664
NA,PI534028,16.70000076,74.23000336
NA,PI534070,7,10.26000023
NA,PI534075,9.529999733,12.35000038
NA,PI534079,9.359999657,9.949999809
NA,PI534088,11.11999989,8.039999962
NA,PI534092,11.55000019,8.130000114
NA,PI534115,8.149999619,34.45999908
NA,PI534116,14.13000011,38.70999908
NA,PI534123,9.300000191,42.13000107
NA,PI534124,12.35999966,39.52999878
NA,PI534127,8.159999847,37.56000137
NA,PI534128,9.5,38.22999954
NA,PI534133,11.69999981,39.74000168
NA,PI534135,9.5,38.22999954
NA,PI534148,9.579999924,41.86000061
NA,PI534155,9.579999924,41.86000061
NA,PI534157,9.579999924,41.86000061
NA,PI576352,-23.10000038,26.82999992
NA,PI576359,21.07999992,79.02999878
NA,PI576364,30.36000061,76.80000305
NA,PI576366,26.79999924,82.72000122
NA,PI576375,9.670000076,39.52999878
NA,PI576376,14.13000011,38.70999908
NA,PI576380,8.239999771,34.58000183
NA,PI576381,14.13000011,38.70999908
NA,PI576390,17.28000069,74.19999695
NA,PI576399,10.5,30.44000053
NA,PI576401,25.45999908,76.36000061
NA,PI576425,9.399999619,42.00999832
NA,PI576426,11.82999992,39.68000031
NA,PI576428,8.239999771,34.58000183
NA,PI576435,17.47999954,75.38999939
NA,PI595699,21.07999992,79.02999878
NA,PI597946,-1.169999957,36.47999954
NA,PI597949,17.70000076,83.30000305
NA,PI597950,24.35000038,87.31999969
NA,PI597952,11,29.42000008
NA,PI597957,15.31999969,38.91999817
NA,PI597964,7.849999905,34.54999924
